{"domino_IMG_20200623_094609.jpg21904":{"filename":"domino_IMG_20200623_094609.jpg","size":21904,"regions":[{"shape_attributes":{"name":"polygon","all_points_x":[48,19,18,17,16,16,17,20,76,79,80,80,78,76],"all_points_y":[170,171,170,168,167,143,140,139,137,138,140,166,168,169]},"region_attributes":{"name":"not_defined","type":"unknown","image_quality":{"good":true,"frontal":true,"good_illumination":true}}},{"shape_attributes":{"name":"polygon","all_points_x":[87,108,109,110,111,111,109,107,84,81,80,80,82,83],"all_points_y":[186,186,186,185,183,124,121,121,122,123,126,182,185,186]},"region_attributes":{"name":"not_defined","type":"unknown","image_quality":{"good":true,"frontal":true,"good_illumination":true}}},{"shape_attributes":{"name":"polygon","all_points_x":[129,170,172,173,174,172,170,114,113,111,111,114],"all_points_y":[133,132,134,137,160,163,165,166,165,162,137,134]},"region_attributes":{"name":"not_defined","type":"unknown","image_quality":{"good":true,"frontal":true,"good_illumination":true}}},{"shape_attributes":{"name":"polygon","all_points_x":[203,204,204,201,178,175,173,174,171,170,171,174,197,199,201,202],"all_points_y":[127,161,164,166,166,164,162,135,132,108,106,104,104,105,107,108]},"region_attributes":{"name":"not_defined","type":"unknown","image_quality":{"good":true,"frontal":true,"good_illumination":true}}},{"shape_attributes":{"name":"polygon","all_points_x":[178,206,209,211,211,210,208,154,151,150,150,151,154,156],"all_points_y":[73,74,76,78,100,103,104,104,102,100,79,76,74,74]},"region_attributes":{"name":"not_defined","type":"unknown","image_quality":{"good":true,"frontal":true,"good_illumination":true}}},{"shape_attributes":{"name":"polygon","all_points_x":[164,164,166,170,192,194,195,195,192,170,165,164],"all_points_y":[45,21,17,14,15,17,20,71,73,73,72,71]},"region_attributes":{"name":"not_defined","type":"unknown","image_quality":{"good":true,"frontal":true,"good_illumination":true}}}],"file_attributes":{"caption":"","public_domain":"no","image_url":""}},"domino_IMG_20200623_094729.jpg21833":{"filename":"domino_IMG_20200623_094729.jpg","size":21833,"regions":[{"shape_attributes":{"name":"polygon","all_points_x":[71,97,98,99,99,89,87,84,53,52,53,60,62,64,66],"all_points_y":[44,30,29,26,26,10,10,10,28,30,32,45,46,47,47]},"region_attributes":{"name":"not_defined","type":"unknown","image_quality":{"good":true,"frontal":true,"good_illumination":true}}},{"shape_attributes":{"name":"polygon","all_points_x":[30,55,56,57,57,50,47,45,10,8,9,15,18,22],"all_points_y":[81,69,68,66,65,52,50,49,65,68,69,83,84,84]},"region_attributes":{"name":"not_defined","type":"unknown","image_quality":{"good":true,"frontal":true,"good_illumination":true}}},{"shape_attributes":{"name":"polygon","all_points_x":[91,112,113,113,106,103,101,69,68,68,76,78,80],"all_points_y":[97,109,111,113,127,128,127,110,108,106,92,91,92]},"region_attributes":{"name":"not_defined","type":"unknown","image_quality":{"good":true,"frontal":true,"good_illumination":true}}},{"shape_attributes":{"name":"polygon","all_points_x":[141,167,168,168,163,161,125,123,123,129,131,133],"all_points_y":[126,137,138,141,156,157,143,142,140,125,123,123]},"region_attributes":{"name":"not_defined","type":"unknown","image_quality":{"good":true,"frontal":true,"good_illumination":true}}},{"shape_attributes":{"name":"polygon","all_points_x":[224,229,229,227,211,208,206,200,200,200,202,219,221,222],"all_points_y":[91,117,119,120,123,122,121,87,85,83,82,79,79,81]},"region_attributes":{"name":"not_defined","type":"unknown","image_quality":{"good":true,"frontal":true,"good_illumination":true}}},{"shape_attributes":{"name":"polygon","all_points_x":[160,180,180,180,170,167,165,138,137,148,150,153],"all_points_y":[40,56,57,60,73,74,73,51,48,33,33,34]},"region_attributes":{"name":"not_defined","type":"unknown","image_quality":{"good":true,"frontal":true,"good_illumination":true}}},{"shape_attributes":{"name":"polygon","all_points_x":[204,228,229,229,224,221,219,185,184,184,190,192,194],"all_points_y":[8,18,20,23,37,39,39,27,25,24,8,6,5]},"region_attributes":{"name":"not_defined","type":"unknown","image_quality":{"good":true,"frontal":true,"good_illumination":true}}},{"shape_attributes":{"name":"polygon","all_points_x":[39,65,66,67,64,63,61,21,20,19,22,24,28],"all_points_y":[165,169,170,173,187,189,192,186,185,183,166,165,163]},"region_attributes":{"name":"not_defined","type":"unknown","image_quality":{"good":true,"frontal":true,"good_illumination":true}}}],"file_attributes":{"caption":"","public_domain":"no","image_url":""}},"domino_IMG_20200623_094750.jpg32978":{"filename":"domino_IMG_20200623_094750.jpg","size":32978,"regions":[{"shape_attributes":{"name":"polygon","all_points_x":[111,164,168,148,145,140,71,70,70,90,95,99],"all_points_y":[78,46,35,3,1,2,44,48,50,85,87,86]},"region_attributes":{"name":"not_defined","type":"unknown","image_quality":{"good":true,"frontal":true,"good_illumination":true}}},{"shape_attributes":{"name":"polygon","all_points_x":[183,187,186,181,146,142,141,136,139,143,177,180,182],"all_points_y":[169,232,237,239,240,237,233,153,149,148,146,148,151]},"region_attributes":{"name":"not_defined","type":"unknown","image_quality":{"good":true,"frontal":true,"good_illumination":true}}},{"shape_attributes":{"name":"polygon","all_points_x":[146,202,205,210,214,212,208,127,123,121,117,119,122],"all_points_y":[268,264,265,272,306,312,314,321,320,315,281,275,271]},"region_attributes":{"name":"not_defined","type":"unknown","image_quality":{"good":true,"frontal":true,"good_illumination":true}}}],"file_attributes":{"caption":"","public_domain":"no","image_url":""}},"domino_IMG_20200623_095246.jpg16533":{"filename":"domino_IMG_20200623_095246.jpg","size":16533,"regions":[{"shape_attributes":{"name":"polygon","all_points_x":[165,161,158,154,152,150,94,93,92,92,93,94,97,100,108,137,141,145,148,150,151,153,161,213,215,215,214,212,208,174],"all_points_y":[31,31,31,32,34,37,140,142,145,147,150,153,156,158,163,180,182,183,182,181,180,178,166,72,68,64,59,56,53,36]},"region_attributes":{"name":"not_defined","type":"unknown","image_quality":{"good":true,"frontal":true,"good_illumination":true}}}],"file_attributes":{"caption":"","public_domain":"no","image_url":""}},"domino_IMG_20200623_095255.jpg16891":{"filename":"domino_IMG_20200623_095255.jpg","size":16891,"regions":[{"shape_attributes":{"name":"polygon","all_points_x":[162,170,175,176,176,174,172,170,169,165,146,123,119,116,114,113,112,102,102,102,103,104,107,113,132,149,155,158,160],"all_points_y":[24,80,126,132,136,139,142,143,144,145,146,149,148,146,143,141,138,38,33,30,28,26,23,22,19,17,17,18,20]},"region_attributes":{"name":"not_defined","type":"unknown","image_quality":{"good":true,"frontal":true,"good_illumination":true}}}],"file_attributes":{"caption":"","public_domain":"no","image_url":""}},"domino_IMG_20200623_095307.jpg18101":{"filename":"domino_IMG_20200623_095307.jpg","size":18101,"regions":[{"shape_attributes":{"name":"polygon","all_points_x":[125,195,209,211,213,214,213,213,210,204,176,173,171,169,166,164,162,160,79,77,75,75,76,77,79,85,109,111,114,116,120,122],"all_points_y":[174,105,90,88,84,81,78,76,72,67,40,38,38,37,38,38,39,41,123,126,129,132,134,137,140,147,172,175,176,176,177,176]},"region_attributes":{"name":"not_defined","type":"unknown","image_quality":{"good":true,"frontal":true,"good_illumination":true}}}],"file_attributes":{"caption":"","public_domain":"no","image_url":""}},"domino_IMG_20200623_095317.jpg30797":{"filename":"domino_IMG_20200623_095317.jpg","size":30797,"regions":[{"shape_attributes":{"name":"polygon","all_points_x":[187,59,42,37,33,30,29,28,27,29,30,31,32,34,36,38,42,45,54,202,206,210,214,215,216,216,212,210,208,206,204,199,197],"all_points_y":[123,132,134,135,137,139,141,144,147,207,211,215,217,220,221,222,224,224,224,212,211,210,207,204,201,190,149,134,130,127,125,123,123]},"region_attributes":{"name":"not_defined","type":"unknown","image_quality":{"good":true,"frontal":true,"good_illumination":true}}}],"file_attributes":{"caption":"","public_domain":"no","image_url":""}},"domino_IMG_20200623_095333.jpg32847":{"filename":"domino_IMG_20200623_095333.jpg","size":32847,"regions":[{"shape_attributes":{"name":"polygon","all_points_x":[143,141,138,137,134,132,128,125,123,110,53,25,23,20,19,19,19,20,21,22,25,57,73,79,82,87,89,93,96,98,100,101,103,105,110,126,171,200,202,203,203,202,199],"all_points_y":[111,110,109,109,109,109,110,113,115,131,209,248,251,257,260,262,264,267,269,271,274,299,311,315,317,319,319,319,319,318,317,316,315,313,307,283,216,170,167,161,158,153,149]},"region_attributes":{"name":"not_defined","type":"unknown","image_quality":{"good":true,"frontal":true,"good_illumination":true}}}],"file_attributes":{"caption":"","public_domain":"no","image_url":""}},"domino_IMG_20200623_095359.jpg27606":{"filename":"domino_IMG_20200623_095359.jpg","size":27606,"regions":[{"shape_attributes":{"name":"polygon","all_points_x":[84,63,37,27,24,22,21,21,21,22,23,29,129,136,139,142,145,148,151,154,157,164,190,208,218,223,224,223,221,219,212,125,115,108,106,102,99,97,94,91,88],"all_points_y":[95,109,128,138,141,143,146,149,152,155,158,167,300,308,311,313,314,314,314,314,313,308,287,272,262,255,249,245,241,236,227,121,109,100,98,95,94,93,93,93,94]},"region_attributes":{"name":"not_defined","type":"unknown","image_quality":{"good":true,"frontal":true,"good_illumination":true}}}],"file_attributes":{"caption":"","public_domain":"no","image_url":""}},"domino_IMG_20200623_095406.jpg28496":{"filename":"domino_IMG_20200623_095406.jpg","size":28496,"regions":[{"shape_attributes":{"name":"polygon","all_points_x":[194,95,66,50,40,36,33,32,31,32,33,37,53,55,57,61,64,68,73,76,80,88,100,219,231,235,239,241,242,241,229,226,224,221,218,212,203],"all_points_y":[218,188,180,175,170,166,162,158,153,148,146,132,91,87,83,81,79,78,78,79,80,82,86,123,128,130,134,138,142,150,201,210,214,217,220,221,220]},"region_attributes":{"name":"not_defined","type":"unknown","image_quality":{"good":true,"frontal":true,"good_illumination":true}}}],"file_attributes":{"caption":"","public_domain":"no","image_url":""}},"domino_IMG_20200623_095421.jpg27792":{"filename":"domino_IMG_20200623_095421.jpg","size":27792,"regions":[{"shape_attributes":{"name":"polygon","all_points_x":[53,35,17,10,8,8,8,9,12,17,23,169,177,181,187,190,195,198,201,206,233,235,235,233,227,81,73,67,62,57],"all_points_y":[100,123,149,160,163,167,171,175,179,183,187,275,279,281,281,280,278,274,269,261,207,202,194,188,182,102,98,96,96,97]},"region_attributes":{"name":"not_defined","type":"unknown","image_quality":{"good":true,"frontal":true,"good_illumination":true}}}],"file_attributes":{"caption":"","public_domain":"no","image_url":""}},"domino_IMG_20200623_095430.jpg16635":{"filename":"domino_IMG_20200623_095430.jpg","size":16635,"regions":[{"shape_attributes":{"name":"polygon","all_points_x":[142,88,63,61,59,60,61,63,68,71,106,110,115,119,121,125,129,207,214,217,218,217,214,205,163,159,156,152,149],"all_points_y":[8,89,124,129,135,138,141,145,150,152,180,183,184,184,183,180,176,68,58,53,49,43,39,32,7,5,4,3,4]},"region_attributes":{"name":"not_defined","type":"unknown","image_quality":{"good":true,"frontal":true,"good_illumination":true}}}],"file_attributes":{"caption":"","public_domain":"no","image_url":""}},"domino_IMG_20200623_095438.jpg28755":{"filename":"domino_IMG_20200623_095438.jpg","size":28755,"regions":[{"shape_attributes":{"name":"polygon","all_points_x":[21,134,161,164,168,171,174,178,180,186,223,236,238,238,238,238,237,233,229,106,101,94,90,86,83,77,72,19,16,17,18],"all_points_y":[209,113,89,88,87,86,86,87,88,93,128,143,146,151,153,156,158,164,168,289,294,299,300,301,301,300,297,234,228,220,216]},"region_attributes":{"name":"not_defined","type":"unknown","image_quality":{"good":true,"frontal":true,"good_illumination":true}}}],"file_attributes":{"caption":"","public_domain":"no","image_url":""}},"domino_IMG_20200623_095446.jpg19743":{"filename":"domino_IMG_20200623_095446.jpg","size":19743,"regions":[{"shape_attributes":{"name":"polygon","all_points_x":[130,121,98,90,89,89,90,92,97,178,183,187,193,196,200,243,244,246,246,246,244,201,148,143,140,136,132],"all_points_y":[19,27,52,61,64,68,70,74,80,174,177,179,178,177,173,139,136,134,130,126,122,77,23,19,18,18,18]},"region_attributes":{"name":"not_defined","type":"unknown","image_quality":{"good":true,"frontal":true,"good_illumination":true}}}],"file_attributes":{"caption":"","public_domain":"no","image_url":""}},"domino_IMG_20200623_095453.jpg30217":{"filename":"domino_IMG_20200623_095453.jpg","size":30217,"regions":[{"shape_attributes":{"name":"polygon","all_points_x":[146,90,20,15,13,12,11,12,13,16,24,73,88,95,100,107,111,116,120,125,192,239,240,241,241,240,237,232,191,169,167,164,159,154,149],"all_points_y":[54,118,199,207,210,213,219,222,227,230,239,279,291,294,296,295,294,291,287,281,183,114,112,107,102,98,95,90,63,51,50,49,49,50,52]},"region_attributes":{"name":"not_defined","type":"unknown","image_quality":{"good":true,"frontal":true,"good_illumination":true}}}],"file_attributes":{"caption":"","public_domain":"no","image_url":""}},"domino_IMG_20200623_095534.jpg29751":{"filename":"domino_IMG_20200623_095534.jpg","size":29751,"regions":[{"shape_attributes":{"name":"polygon","all_points_x":[83,215,218,225,228,230,230,230,228,205,201,200,195,191,187,180,122,36,29,27,25,25,26,53,63,67,70,74,76],"all_points_y":[126,192,193,199,202,204,208,213,220,276,282,284,286,287,287,285,254,205,199,195,192,186,183,143,129,126,125,125,125]},"region_attributes":{"name":"not_defined","type":"unknown","image_quality":{"good":true,"frontal":true,"good_illumination":true}}}],"file_attributes":{"caption":"","public_domain":"no","image_url":""}},"domino_IMG_20200623_095821.jpg26944":{"filename":"domino_IMG_20200623_095821.jpg","size":26944,"regions":[{"shape_attributes":{"name":"polygon","all_points_x":[95,69,66,64,64,65,68,129,132,137,142,167,169,170,170,169,110,104,101,99],"all_points_y":[36,59,61,64,68,72,75,141,143,144,142,118,115,112,109,105,40,36,35,35]},"region_attributes":{"name":"not_defined","type":"unknown","image_quality":{"good":true,"frontal":true,"good_illumination":true}}}],"file_attributes":{"caption":"","public_domain":"no","image_url":""}},"domino_IMG_20200623_100011.jpg49376":{"filename":"domino_IMG_20200623_100011.jpg","size":49376,"regions":[{"shape_attributes":{"name":"polygon","all_points_x":[73,66,32,28,28,28,30,35,61,86,91,98,102,109,110,113,119,151,152,153,152,148,143,121,91,84,81,77],"all_points_y":[95,115,217,229,234,239,244,248,259,268,269,270,266,260,257,250,231,129,124,119,113,105,100,95,87,87,88,91]},"region_attributes":{"name":"not_defined","type":"unknown","image_quality":{"good":true,"frontal":true,"good_illumination":true}}}],"file_attributes":{"caption":"","public_domain":"no","image_url":""}},"domino_IMG_20200623_100018.jpg28941":{"filename":"domino_IMG_20200623_100018.jpg","size":28941,"regions":[{"shape_attributes":{"name":"polygon","all_points_x":[131,86,82,81,81,81,89,137,141,145,150,154,193,198,200,201,199,152,145,141,136],"all_points_y":[29,53,57,59,63,67,81,172,176,178,178,177,159,156,153,147,141,45,32,29,28]},"region_attributes":{"name":"not_defined","type":"unknown","image_quality":{"good":true,"frontal":true,"good_illumination":true}}}],"file_attributes":{"caption":"","public_domain":"no","image_url":""}},"domino_IMG_20200623_100043.jpg26552":{"filename":"domino_IMG_20200623_100043.jpg","size":26552,"regions":[{"shape_attributes":{"name":"polygon","all_points_x":[119,79,76,73,73,74,77,162,166,169,172,177,181,187,221,226,227,228,228,223,144,135,131,128,126,123],"all_points_y":[23,58,62,67,71,76,80,179,182,184,184,184,182,179,151,146,143,139,135,128,36,25,22,21,21,21]},"region_attributes":{"name":"not_defined","type":"unknown","image_quality":{"good":true,"frontal":true,"good_illumination":true}}}],"file_attributes":{"caption":"","public_domain":"no","image_url":""}},"domino_IMG_20200623_100103.jpg26220":{"filename":"domino_IMG_20200623_100103.jpg","size":26220,"regions":[{"shape_attributes":{"name":"polygon","all_points_x":[223,225,227,231,232,232,232,231,229,226,224,220,216,213,146,72,67,61,57,53,51,49,48,46,40,40,41,43,45,52,80,200,209,213,216],"all_points_y":[48,55,67,94,108,113,116,119,124,127,128,129,130,131,140,151,151,151,149,146,142,138,133,127,89,77,73,69,67,64,59,40,39,40,41]},"region_attributes":{"name":"not_defined","type":"unknown","image_quality":{"good":true,"frontal":true,"good_illumination":true}}}],"file_attributes":{"caption":"","public_domain":"no","image_url":""}},"domino_IMG_20200623_100111.jpg25906":{"filename":"domino_IMG_20200623_100111.jpg","size":25906,"regions":[{"shape_attributes":{"name":"polygon","all_points_x":[117,134,156,167,172,174,175,175,174,173,170,134,119,117,114,112,109,104,100,95,47,40,38,36,36,36,74,100,105,108,112],"all_points_y":[3,10,21,26,30,33,36,40,44,47,53,135,170,174,178,179,181,182,182,181,160,155,152,148,144,142,63,10,5,4,2]},"region_attributes":{"name":"not_defined","type":"unknown","image_quality":{"good":true,"frontal":true,"good_illumination":true}}}],"file_attributes":{"caption":"","public_domain":"no","image_url":""}},"domino_IMG_20200623_100232.jpg28896":{"filename":"domino_IMG_20200623_100232.jpg","size":28896,"regions":[{"shape_attributes":{"name":"polygon","all_points_x":[103,170,200,203,203,203,203,202,201,170,167,164,162,157,155,152,141,53,48,46,46,46,46,77,84,86,89,91,95,97],"all_points_y":[31,91,117,121,124,127,129,131,133,172,174,176,177,177,177,174,166,92,85,83,78,75,73,38,32,30,29,28,28,29]},"region_attributes":{"name":"not_defined","type":"unknown","image_quality":{"good":true,"frontal":true,"good_illumination":true}}}],"file_attributes":{"caption":"","public_domain":"no","image_url":""}},"domino_IMG_20200623_100240.jpg23470":{"filename":"domino_IMG_20200623_100240.jpg","size":23470,"regions":[{"shape_attributes":{"name":"polygon","all_points_x":[20,128,133,138,143,148,150,182,189,191,191,190,186,180,79,73,67,63,60,55,25,18,16,16,16],"all_points_y":[103,14,11,9,8,10,11,46,54,60,64,68,73,79,169,173,174,173,171,167,131,122,119,115,111]},"region_attributes":{"name":"not_defined","type":"unknown","image_quality":{"good":true,"frontal":true,"good_illumination":true}}}],"file_attributes":{"caption":"","public_domain":"no","image_url":""}},"domino_IMG_20200623_100307.jpg50349":{"filename":"domino_IMG_20200623_100307.jpg","size":50349,"regions":[{"shape_attributes":{"name":"polygon","all_points_x":[29,26,25,23,24,26,31,69,83,91,94,99,104,112,214,218,219,218,217,212,158,153,149,144,141,136,76],"all_points_y":[164,160,156,151,145,141,136,107,96,93,93,94,97,106,237,243,247,253,256,261,303,307,308,308,307,305,227]},"region_attributes":{"name":"not_defined","type":"unknown","image_quality":{"good":true,"frontal":true,"good_illumination":true}}}],"file_attributes":{"caption":"","public_domain":"no","image_url":""}},"domino_IMG_20200623_100316.jpg44469":{"filename":"domino_IMG_20200623_100316.jpg","size":44469,"regions":[{"shape_attributes":{"name":"polygon","all_points_x":[167,171,171,170,168,166,163,159,151,90,77,70,65,63,62,56,53,54,55,56,59,63,68,80,108,139,147,152,156,158],"all_points_y":[246,286,303,307,311,314,316,317,319,323,321,318,311,305,298,197,126,118,114,112,109,106,104,103,100,98,99,102,109,115]},"region_attributes":{"name":"not_defined","type":"unknown","image_quality":{"good":true,"frontal":true,"good_illumination":true}}}],"file_attributes":{"caption":"","public_domain":"no","image_url":""}},"domino_IMG_20200623_100334.jpg43155":{"filename":"domino_IMG_20200623_100334.jpg","size":43155,"regions":[{"shape_attributes":{"name":"polygon","all_points_x":[92,106,137,214,228,232,234,234,232,228,186,172,168,164,159,153,145,42,24,17,15,16,17,33,76,80,86],"all_points_y":[95,108,140,219,234,240,244,249,255,260,300,312,315,316,316,314,307,199,178,169,164,157,152,136,95,94,94]},"region_attributes":{"name":"not_defined","type":"unknown","image_quality":{"good":true,"frontal":true,"good_illumination":true}}}],"file_attributes":{"caption":"","public_domain":"no","image_url":""}},"domino_IMG_20200623_100357.jpg45778":{"filename":"domino_IMG_20200623_100357.jpg","size":45778,"regions":[{"shape_attributes":{"name":"polygon","all_points_x":[58,123,129,133,139,145,148,151,155,158,163,171,195,198,200,201,200,198,192,186,139,115,105,101,96,92,89,84,49,48,49,54],"all_points_y":[76,60,59,58,58,58,60,63,69,82,102,139,234,248,257,268,273,276,280,283,294,299,300,299,296,293,290,270,103,93,86,80]},"region_attributes":{"name":"not_defined","type":"unknown","image_quality":{"good":true,"frontal":true,"good_illumination":true}}}],"file_attributes":{"caption":"","public_domain":"no","image_url":""}},"domino_IMG_20200623_100402.jpg39999":{"filename":"domino_IMG_20200623_100402.jpg","size":39999,"regions":[{"shape_attributes":{"name":"polygon","all_points_x":[229,114,109,104,98,94,91,87,36,32,30,29,31,34,136,146,149,154,159,164,227,232,233,231],"all_points_y":[182,327,331,333,334,332,331,328,285,281,275,268,263,258,125,115,113,111,112,113,159,164,172,177]},"region_attributes":{"name":"not_defined","type":"unknown","image_quality":{"good":true,"frontal":true,"good_illumination":true}}}],"file_attributes":{"caption":"","public_domain":"no","image_url":""}},"domino_IMG_20200623_100408.jpg38697":{"filename":"domino_IMG_20200623_100408.jpg","size":38697,"regions":[{"shape_attributes":{"name":"polygon","all_points_x":[197,246,247,247,247,243,241,87,83,78,72,65,60,55,21,19,18,19,23,67,177,182,186,190,193],"all_points_y":[100,165,172,177,181,185,187,291,294,296,296,294,290,281,228,223,217,210,204,173,97,95,95,95,97]},"region_attributes":{"name":"not_defined","type":"unknown","image_quality":{"good":true,"frontal":true,"good_illumination":true}}}],"file_attributes":{"caption":"","public_domain":"no","image_url":""}},"domino_IMG_20200623_100414.jpg46387":{"filename":"domino_IMG_20200623_100414.jpg","size":46387,"regions":[{"shape_attributes":{"name":"polygon","all_points_x":[135,138,143,146,150,153,158,222,226,228,229,229,228,227,225,173,121,118,115,110,105,100,96,62,38,35,32,31,32,33],"all_points_y":[105,102,100,99,99,100,102,142,146,149,153,157,160,162,167,242,318,322,325,327,328,326,325,300,281,277,271,265,260,258]},"region_attributes":{"name":"not_defined","type":"unknown","image_quality":{"good":true,"frontal":true,"good_illumination":true}}}],"file_attributes":{"caption":"","public_domain":"no","image_url":""}},"domino_IMG_20200623_100419.jpg41438":{"filename":"domino_IMG_20200623_100419.jpg","size":41438,"regions":[{"shape_attributes":{"name":"polygon","all_points_x":[29,56,83,88,90,94,100,104,107,114,222,226,227,228,226,224,220,166,157,153,147,141,136,29,28,27,27],"all_points_y":[138,113,92,88,87,86,86,88,91,99,231,236,241,245,250,252,257,299,304,305,304,302,297,155,150,145,143]},"region_attributes":{"name":"not_defined","type":"unknown","image_quality":{"good":true,"frontal":true,"good_illumination":true}}}],"file_attributes":{"caption":"","public_domain":"no","image_url":""}},"domino_IMG_20200623_100427.jpg49873":{"filename":"domino_IMG_20200623_100427.jpg","size":49873,"regions":[{"shape_attributes":{"name":"polygon","all_points_x":[66,227,233,235,236,236,236,235,211,206,203,199,195,188,181,33,28,25,24,24,25,43,52,55,58,60],"all_points_y":[127,196,199,202,206,210,215,218,274,282,286,290,291,291,289,215,211,206,202,198,192,152,134,130,128,127]},"region_attributes":{"name":"not_defined","type":"unknown","image_quality":{"good":true,"frontal":true,"good_illumination":true}}}],"file_attributes":{"caption":"","public_domain":"no","image_url":""}},"domino_IMG_20200623_100438.jpg24347":{"filename":"domino_IMG_20200623_100438.jpg","size":24347,"regions":[{"shape_attributes":{"name":"polygon","all_points_x":[66,183,185,188,187,182,170,148,146,142,138,133,126,8,5,4,3,4,4,7,15,45,48,52,55,60],"all_points_y":[21,112,115,121,128,136,152,181,184,185,186,185,181,86,84,81,77,74,71,66,57,23,21,18,18,18]},"region_attributes":{"name":"not_defined","type":"unknown","image_quality":{"good":true,"frontal":true,"good_illumination":true}}}],"file_attributes":{"caption":"","public_domain":"no","image_url":""}},"domino_IMG_20200623_100507.jpg27823":{"filename":"domino_IMG_20200623_100507.jpg","size":27823,"regions":[{"shape_attributes":{"name":"polygon","all_points_x":[6,54,57,60,65,68,73,124,127,131,132,131,121,75,72,68,63,58,13,9,6],"all_points_y":[46,163,168,171,174,174,173,148,145,140,134,130,109,13,9,7,6,7,28,33,37]},"region_attributes":{"name":"not_defined","type":"unknown","image_quality":{"good":true,"frontal":true,"good_illumination":true}}}],"file_attributes":{"caption":"","public_domain":"no","image_url":""}},"domino_IMG_20200623_100515.jpg25892":{"filename":"domino_IMG_20200623_100515.jpg","size":25892,"regions":[{"shape_attributes":{"name":"polygon","all_points_x":[22,54,64,68,72,75,80,84,117,125,130,132,132,131,130,83,78,76,72,69,64,57,31,24,18,15,13,12,12,13],"all_points_y":[75,146,168,171,172,172,171,170,153,149,145,142,138,134,130,32,21,19,17,16,16,19,30,34,37,40,42,45,48,53]},"region_attributes":{"name":"not_defined","type":"unknown","image_quality":{"good":true,"frontal":true,"good_illumination":true}}}],"file_attributes":{"caption":"","public_domain":"no","image_url":""}},"domino_IMG_20200623_100522.jpg45889":{"filename":"domino_IMG_20200623_100522.jpg","size":45889,"regions":[{"shape_attributes":{"name":"polygon","all_points_x":[181,215,216,216,214,207,77,57,57,50,44,40,36,33,6,7,8,11,15,160,166,170,175,178],"all_points_y":[180,245,250,256,260,266,328,336,336,338,336,332,328,322,267,262,257,252,249,176,174,174,175,177]},"region_attributes":{"name":"not_defined","type":"unknown","image_quality":{"good":true,"frontal":true,"good_illumination":true}}}],"file_attributes":{"caption":"","public_domain":"no","image_url":""}},"domino_IMG_20200623_100531.jpg45906":{"filename":"domino_IMG_20200623_100531.jpg","size":45906,"regions":[{"shape_attributes":{"name":"polygon","all_points_x":[131,6,3,0,0,0,1,17,40,46,48,66,67,166,201,203,204,205,205,203,152,149,146,143,139,136],"all_points_y":[145,260,262,266,267,280,282,304,332,339,341,341,341,255,221,218,216,212,207,202,147,145,143,142,142,143]},"region_attributes":{"name":"not_defined","type":"unknown","image_quality":{"good":true,"frontal":true,"good_illumination":true}}}],"file_attributes":{"caption":"","public_domain":"no","image_url":""}},"domino_IMG_20200623_100543.jpg26859":{"filename":"domino_IMG_20200623_100543.jpg","size":26859,"regions":[{"shape_attributes":{"name":"polygon","all_points_x":[137,144,143,141,137,132,84,81,79,77,75,76,78,80,84,122,128,131,135,137],"all_points_y":[14,123,127,130,132,133,135,133,131,129,18,13,11,9,8,5,5,6,8,11]},"region_attributes":{"name":"not_defined","type":"unknown","image_quality":{"good":true,"frontal":true,"good_illumination":true}}}],"file_attributes":{"caption":"","public_domain":"no","image_url":""}},"domino_IMG_20200623_100626.jpg19658":{"filename":"domino_IMG_20200623_100626.jpg","size":19658,"regions":[{"shape_attributes":{"name":"polygon","all_points_x":[55,68,67,65,43,38,37,20,21,22,47,49,50],"all_points_y":[55,101,104,106,112,110,109,52,48,47,40,41,42]},"region_attributes":{"name":"not_defined","type":"unknown","image_quality":{"good":true,"frontal":true,"good_illumination":true}}},{"shape_attributes":{"name":"polygon","all_points_x":[154,189,192,194,207,207,206,157,154,152,140,140,141],"all_points_y":[55,34,34,34,55,58,62,92,93,92,72,67,63]},"region_attributes":{"name":"not_defined","type":"unknown","image_quality":{"good":true,"frontal":true,"good_illumination":true}}},{"shape_attributes":{"name":"polygon","all_points_x":[242,227,224,219,199,199,230,233,237,255,256],"all_points_y":[139,161,163,164,150,146,100,99,98,111,120]},"region_attributes":{"name":"not_defined","type":"unknown","image_quality":{"good":true,"frontal":true,"good_illumination":true}}},{"shape_attributes":{"name":"polygon","all_points_x":[121,168,171,172,175,175,173,119,114,113,110,112],"all_points_y":[145,139,140,141,164,166,169,177,175,172,150,146]},"region_attributes":{"name":"not_defined","type":"unknown","image_quality":{"good":true,"frontal":true,"good_illumination":true}}},{"shape_attributes":{"name":"polygon","all_points_x":[63,70,70,68,67,43,40,38,27,28,31,55,58,60],"all_points_y":[216,250,253,257,258,263,262,261,208,204,202,197,199,200]},"region_attributes":{"name":"not_defined","type":"unknown","image_quality":{"good":true,"frontal":true,"good_illumination":true}}}],"file_attributes":{"caption":"","public_domain":"no","image_url":""}},"domino_IMG_20200623_100723.jpg16030":{"filename":"domino_IMG_20200623_100723.jpg","size":16030,"regions":[{"shape_attributes":{"name":"polygon","all_points_x":[209,213,215,218,245,248,249,244,241,238,215,212,209],"all_points_y":[39,84,87,88,85,82,80,23,21,20,22,24,27]},"region_attributes":{"name":"not_defined","type":"unknown","image_quality":{"good":true,"frontal":true,"good_illumination":true}}},{"shape_attributes":{"name":"polygon","all_points_x":[136,169,172,173,168,166,163,106,104,103,108,111,113],"all_points_y":[46,38,37,33,7,5,4,17,19,23,46,50,51]},"region_attributes":{"name":"not_defined","type":"unknown","image_quality":{"good":true,"frontal":true,"good_illumination":true}}},{"shape_attributes":{"name":"polygon","all_points_x":[72,78,77,74,48,45,43,35,37,39,64,68,71],"all_points_y":[61,104,107,109,114,113,109,51,47,47,44,46,49]},"region_attributes":{"name":"not_defined","type":"unknown","image_quality":{"good":true,"frontal":true,"good_illumination":true}}},{"shape_attributes":{"name":"polygon","all_points_x":[71,101,103,103,101,87,83,80,32,32,47,50,55],"all_points_y":[130,150,153,156,159,180,180,180,147,143,122,120,120]},"region_attributes":{"name":"not_defined","type":"unknown","image_quality":{"good":true,"frontal":true,"good_illumination":true}}},{"shape_attributes":{"name":"polygon","all_points_x":[177,172,169,167,141,140,139,144,146,148,174,176,177],"all_points_y":[99,154,157,159,156,154,152,95,92,91,93,96,98]},"region_attributes":{"name":"not_defined","type":"unknown","image_quality":{"good":true,"frontal":true,"good_illumination":true}}},{"shape_attributes":{"name":"polygon","all_points_x":[211,239,240,240,222,219,216,175,175,192,195,199],"all_points_y":[118,147,149,153,171,171,170,127,123,105,105,106]},"region_attributes":{"name":"not_defined","type":"unknown","image_quality":{"good":true,"frontal":true,"good_illumination":true}}}],"file_attributes":{"caption":"","public_domain":"no","image_url":""}},"domino_IMG_20200623_100814.jpg14585":{"filename":"domino_IMG_20200623_100814.jpg","size":14585,"regions":[{"shape_attributes":{"name":"polygon","all_points_x":[142,155,158,162,187,189,189,165,162,159,133,132,132],"all_points_y":[108,73,71,70,81,84,87,147,148,148,138,135,132]},"region_attributes":{"name":"not_defined","type":"unknown","image_quality":{"good":true,"frontal":true,"good_illumination":true}}},{"shape_attributes":{"name":"polygon","all_points_x":[75,103,104,103,81,77,73,35,35,36,58,61,65],"all_points_y":[164,126,123,121,105,105,105,159,163,165,181,182,180]},"region_attributes":{"name":"not_defined","type":"unknown","image_quality":{"good":true,"frontal":true,"good_illumination":true}}},{"shape_attributes":{"name":"polygon","all_points_x":[68,81,82,82,80,51,48,46,26,26,28,55,58,60,62],"all_points_y":[47,89,92,97,98,107,107,105,44,39,37,29,29,31,33]},"region_attributes":{"name":"not_defined","type":"unknown","image_quality":{"good":true,"frontal":true,"good_illumination":true}}},{"shape_attributes":{"name":"polygon","all_points_x":[125,160,162,163,161,147,144,140,87,85,85,100,105,108],"all_points_y":[19,39,42,45,49,71,73,73,41,37,34,8,7,9]},"region_attributes":{"name":"not_defined","type":"unknown","image_quality":{"good":true,"frontal":true,"good_illumination":true}}}],"file_attributes":{"caption":"","public_domain":"no","image_url":""}}}